{
    "key": "group_623b156dd9937",
    "title": "Dropdown Menu Icon",
    "fields": [
        {
            "key": "field_623b158b9717d",
            "label": "Show Dropdown Menu Icon ?",
            "name": "show_dropdown_menu_icon",
            "type": "true_false",
            "instructions": "",
            "required": 0,
            "conditional_logic": 0,
            "wrapper": {
                "width": "",
                "class": "",
                "id": ""
            },
            "message": "",
            "default_value": 0,
            "ui": 1,
            "ui_on_text": "",
            "ui_off_text": ""
        },
        {
            "key": "field_623b15bea3e48",
            "label": "Top label Menu Icon",
            "name": "icon_top_leable",
            "type": "icomoon",
            "instructions": "",
            "required": 0,
            "conditional_logic": [
                [
                    {
                        "field": "field_623b158b9717d",
                        "operator": "==",
                        "value": "1"
                    }
                ]
            ],
            "wrapper": {
                "width": "",
                "class": "",
                "id": ""
            },
            "allow_clear": 0
        },
        {
            "key": "field_623b1612a1d7e",
            "label": "Child Menu Item",
            "name": "child_menu_item",
            "type": "icomoon",
            "instructions": "",
            "required": 0,
            "conditional_logic": [
                [
                    {
                        "field": "field_623b158b9717d",
                        "operator": "==",
                        "value": "1"
                    }
                ]
            ],
            "wrapper": {
                "width": "",
                "class": "",
                "id": ""
            },
            "allow_clear": 0
        }
    ],
    "location": [
        [
            {
                "param": "nav_menu",
                "operator": "==",
                "value": "all"
            }
        ]
    ],
    "menu_order": 0,
    "position": "normal",
    "style": "default",
    "label_placement": "top",
    "instruction_placement": "label",
    "hide_on_screen": "",
    "active": true,
    "description": "",
    "show_in_rest": 0,
    "modified": 1648039470
}